searchQuery,average_C,total_inflow,post_count
신경치료 후 염증,0.029630503416742615,104,3
동탄 내이튼치과,0.008446736092811945,482,65
동탄내이튼치과,0.008431648153428414,153,17
내이튼치과,0.003057314835811328,707,157
